staff_id,password,,,
00001,00001,,,
00002,00002,,,
00003,00003,,,
00004,00004,,,
00005,00005,,,
00006,00006,,,
00007,00007,,,
00008,00008,,,
00009,00009,,,
00010,00010,,,
00011,00011,,,
00012,00012,,,
00013,00013,,,
00014,00014,,,
00015,00015,,,
00016,00016,,,
00017,00017,,,
00018,00018,,,
00019,00019,,,
00020,00020,,,
00021,00021,,,
00022,00022,,,
00023,00023,,,
00024,00024,,,
00025,00025,,,
00026,00026,,,
00027,00027,,,
00028,00028,,,
00029,00029,,,
00030,00030,,,
00031,00031,,,
00032,00032,,,
00033,00033,,,
00034,00034,,,
00035,00035,,,
00036,00036,,,
00037,00037,,,
00038,00038,,,
00039,00039,,,
00040,00040,,,
00041,00041,,,
00042,00042,,,
00043,00043,,,
00044,00044,,,
00045,00045,,,
00046,00046,,,
00047,00047,,,
00048,00048,,,
00049,00049,,,
00050,00050,,,
00051,00051,,,
00052,00052,,,
00053,00053,,,
00054,00054,,,
00055,00055,,,
00056,00056,,,
00057,00057,,,
00058,00058,,,
00059,00059,,,
00060,00060,,,
00061,00061,,,
00062,00062,,,
00063,00063,,,
00064,00064,,,
00065,00065,,,
00066,00066,,,
00067,00067,,,
00068,00068,,,
00069,00069,,,
00070,00070,,,
00071,00071,,,
00072,00072,,,
00073,00073,,,
00074,00074,,,
00075,00075,,,
00076,00076,,,
00077,00077,,,
00078,00078,,,
00079,00079,,,
00080,00080,,,
00081,00081,,,
00082,00082,,,
00083,00083,,,
00084,00084,,,
00085,00085,,,
00086,00086,,,
00087,00087,,,
00088,00088,,,
00089,00089,,,
00090,00090,,,
00091,00091,,,
00092,00092,,,
00093,00093,,,
00094,00094,,,
00095,00095,,,
00096,00096,,,
00097,00097,,,
00098,00098,,,
00099,00099,,,
00100,00100,,,
00101,00101,,,
00102,00102,,,
00103,00103,,,
00104,00104,,,
00105,00105,,,
00106,00106,,,
00107,00107,,,
00108,00108,,,
00109,00109,,,
00110,00110,,,
00111,00111,,,
00112,00112,,,
00113,00113,,,
00114,00114,,,
00115,00115,,,
00116,00116,,,
00117,00117,,,
00118,00118,,,
00119,00119,,,
00120,00120,,,
00121,00121,,,
00122,00122,,,
00123,00123,,,
00124,00124,,,
00125,00125,,,
00126,00126,,,
00127,00127,,,
00128,00128,,,
00129,00129,,,
00130,00130,,,
00131,00131,,,
00132,00132,,,
00133,00133,,,
00134,00134,,,
00135,00135,,,
00136,00136,,,
00137,00137,,,
00138,00138,,,
00139,00139,,,
00140,00140,,,
00141,00141,,,
00142,00142,,,
00143,00143,,,
00144,00144,,,
00145,00145,,,
00146,00146,,,
00147,00147,,,
00148,00148,,,
00149,00149,,,
00150,00150,,,
00151,00151,,,
00152,00152,,,
00153,00153,,,
00154,00154,,,
00155,00155,,,
00156,00156,,,
00157,00157,,,
00158,00158,,,
00159,00159,,,
00160,00160,,,
00161,00161,,,
00162,00162,,,
00163,00163,,,
00164,00164,,,
00165,00165,,,
00166,00166,,,
00167,00167,,,
00168,00168,,,
00169,00169,,,
00170,00170,,,
00171,00171,,,
00172,00172,,,
00173,00173,,,
00174,00174,,,
00175,00175,,,
00176,00176,,,
00177,00177,,,
00178,00178,,,
00179,00179,,,
00180,00180,,,
00181,00181,,,
00182,00182,,,
00183,00183,,,
00184,00184,,,
00185,00185,,,
00186,00186,,,
00187,00187,,,
00188,00188,,,
00189,00189,,,
00190,00190,,,
00191,00191,,,
00192,00192,,,
00193,00193,,,
00194,00194,,,
00195,00195,,,
00196,00196,,,
00197,00197,,,
00198,00198,,,
00199,00199,,,
00200,00200,,,
00201,00201,,,
00202,00202,,,
00203,00203,,,
00204,00204,,,
00205,00205,,,
00206,00206,,,
00207,00207,,,
00208,00208,,,
00209,00209,,,
00210,00210,,,
00211,00211,,,
00212,00212,,,
00213,00213,,,
00214,00214,,,
00215,00215,,,
00216,00216,,,
00217,00217,,,
00218,00218,,,
00219,00219,,,
00220,00220,,,
00221,00221,,,
00222,00222,,,
00223,00223,,,
00224,00224,,,
00225,00225,,,
00226,00226,,,
00227,00227,,,
00228,00228,,,
00229,00229,,,
00230,00230,,,
00231,00231,,,
00232,00232,,,
00233,00233,,,
00234,00234,,,
00235,00235,,,
00236,00236,,,
00237,00237,,,
00238,00238,,,
00239,00239,,,
00240,00240,,,
00241,00241,,,
00242,00242,,,
00243,00243,,,
00244,00244,,,
00245,00245,,,
00246,00246,,,
00247,00247,,,
00248,00248,,,
00249,00249,,,
00250,00250,,,
00251,00251,,,
00252,00252,,,
00253,00253,,,
00254,00254,,,
00255,00255,,,
00256,00256,,,
00257,00257,,,
00258,00258,,,
00259,00259,,,
00260,00260,,,
00261,00261,,,
00262,00262,,,
00263,00263,,,
00264,00264,,,
00265,00265,,,
00266,00266,,,
00267,00267,,,
00268,00268,,,
00269,00269,,,
00270,00270,,,
00271,00271,,,
00272,00272,,,
00273,00273,,,
00274,00274,,,
00275,00275,,,
00276,00276,,,
00277,00277,,,
00278,00278,,,
00279,00279,,,
00280,00280,,,
00281,00281,,,
00282,00282,,,
00283,00283,,,
00284,00284,,,
00285,00285,,,
00286,00286,,,
00287,00287,,,
00288,00288,,,
00289,00289,,,
00290,00290,,,
00291,00291,,,
00292,00292,,,
00293,00293,,,
00294,00294,,,
00295,00295,,,
00296,00296,,,
00297,00297,,,
00298,00298,,,
00299,00299,,,
00300,00300,,,
00301,00301,,,
00302,00302,,,
00303,00303,,,
00304,00304,,,
00305,00305,,,
00306,00306,,,
00307,00307,,,
00308,00308,,,
00309,00309,,,
00310,00310,,,
00311,00311,,,
00312,00312,,,
00313,00313,,,
00314,00314,,,
00315,00315,,,
00316,00316,,,
00317,00317,,,
00318,00318,,,
00319,00319,,,
00320,00320,,,
00321,00321,,,
00322,00322,,,
00323,00323,,,
00324,00324,,,
00325,00325,,,
00326,00326,,,
00327,00327,,,
00328,00328,,,
00329,00329,,,
00330,00330,,,
00331,00331,,,
00332,00332,,,
00333,00333,,,
00334,00334,,,
00335,00335,,,
00336,00336,,,
00337,00337,,,
00338,00338,,,
00339,00339,,,
00340,00340,,,
00341,00341,,,
00342,00342,,,
00343,00343,,,
00344,00344,,,
00345,00345,,,
00346,00346,,,
00347,00347,,,
00348,00348,,,
00349,00349,,,
00350,00350,,,
00351,00351,,,
00352,00352,,,
00353,00353,,,
00354,00354,,,
00355,00355,,,
00356,00356,,,
00357,00357,,,
00358,00358,,,
00359,00359,,,
00360,00360,,,
00361,00361,,,
00362,00362,,,
00363,00363,,,
00364,00364,,,
00365,00365,,,
00366,00366,,,
00367,00367,,,
00368,00368,,,
00369,00369,,,
00370,00370,,,
00371,00371,,,
00372,00372,,,
00373,00373,,,
00374,00374,,,
00375,00375,,,
00376,00376,,,
00377,00377,,,
00378,00378,,,
00379,00379,,,
00380,00380,,,
00381,00381,,,
00382,00382,,,
00383,00383,,,
00384,00384,,,
00385,00385,,,
00386,00386,,,
00387,00387,,,
00388,00388,,,
00389,00389,,,
00390,00390,,,
00391,00391,,,
00392,00392,,,
00393,00393,,,
00394,00394,,,
00395,00395,,,
00396,00396,,,
00397,00397,,,
00398,00398,,,
00399,00399,,,
00400,00400,,,
00401,00401,,,
00402,00402,,,
00403,00403,,,
00404,00404,,,
00405,00405,,,
00406,00406,,,
00407,00407,,,
00408,00408,,,
00409,00409,,,
00410,00410,,,
00411,00411,,,
00412,00412,,,
00413,00413,,,
00414,00414,,,
00415,00415,,,
00416,00416,,,
00417,00417,,,
00418,00418,,,
00419,00419,,,
00420,00420,,,
00421,00421,,,
00422,00422,,,
00423,00423,,,
00424,00424,,,
00425,00425,,,
00426,00426,,,
00427,00427,,,
00428,00428,,,
00429,00429,,,
00430,00430,,,
00431,00431,,,
00432,00432,,,
00433,00433,,,
00434,00434,,,
00435,00435,,,
00436,00436,,,
00437,00437,,,
00438,00438,,,
00439,00439,,,
00440,00440,,,
00441,00441,,,
00442,00442,,,
00443,00443,,,
00444,00444,,,
00445,00445,,,
00446,00446,,,
00447,00447,,,
00448,00448,,,
00449,00449,,,
00450,00450,,,
00451,00451,,,
00452,00452,,,
00453,00453,,,
00454,00454,,,
00455,00455,,,
00456,00456,,,
00457,00457,,,
00458,00458,,,
00459,00459,,,
00460,00460,,,
00461,00461,,,
00462,00462,,,
00463,00463,,,
00464,00464,,,
00465,00465,,,
00466,00466,,,
00467,00467,,,
00468,00468,,,
00469,00469,,,
00470,00470,,,
00471,00471,,,
00472,00472,,,
00473,00473,,,
00474,00474,,,
00475,00475,,,
00476,00476,,,
00477,00477,,,
00478,00478,,,
00479,00479,,,
00480,00480,,,
00481,00481,,,
00482,00482,,,
00483,00483,,,
00484,00484,,,
00485,00485,,,
00486,00486,,,
00487,00487,,,
00488,00488,,,
00489,00489,,,
00490,00490,,,
00491,00491,,,
00492,00492,,,
00493,00493,,,
00494,00494,,,
00495,00495,,,
00496,00496,,,
00497,00497,,,
00498,00498,,,
00499,00499,,,
00500,00500,,,
00501,00501,,,
00502,00502,,,
00503,00503,,,
00504,00504,,,
00505,00505,,,
00506,00506,,,
00507,00507,,,
00508,00508,,,
00509,00509,,,
00510,00510,,,
00511,00511,,,
00512,00512,,,
00513,00513,,,
00514,00514,,,
00515,00515,,,
00516,00516,,,
00517,00517,,,
00518,00518,,,
00519,00519,,,
00520,00520,,,
00521,00521,,,
00522,00522,,,
00523,00523,,,
00524,00524,,,
00525,00525,,,
00526,00526,,,
00527,00527,,,
00528,00528,,,
00529,00529,,,
00530,00530,,,
00531,00531,,,
00532,00532,,,
00533,00533,,,
00534,00534,,,
00535,00535,,,
00536,00536,,,
00537,00537,,,
00538,00538,,,
00539,00539,,,
00540,00540,,,
00541,00541,,,
00542,00542,,,
00543,00543,,,
00544,00544,,,
00545,00545,,,
00546,00546,,,
00547,00547,,,
00548,00548,,,
00549,00549,,,
00550,00550,,,
00551,00551,,,
00552,00552,,,
00553,00553,,,
00554,00554,,,
00555,00555,,,
00556,00556,,,
00557,00557,,,
00558,00558,,,
00559,00559,,,
00560,00560,,,
00561,00561,,,
00562,00562,,,
00563,00563,,,
00564,00564,,,
00565,00565,,,
00566,00566,,,
00567,00567,,,
00568,00568,,,
00569,00569,,,
00570,00570,,,
00571,00571,,,
00572,00572,,,
00573,00573,,,
00574,00574,,,
00575,00575,,,
00576,00576,,,
00577,00577,,,
00578,00578,,,
00579,00579,,,
00580,00580,,,
00581,00581,,,
00582,00582,,,
00583,00583,,,
00584,00584,,,
00585,00585,,,
00586,00586,,,
00587,00587,,,
00588,00588,,,
00589,00589,,,
00590,00590,,,
00591,00591,,,
00592,00592,,,
00593,00593,,,
00594,00594,,,
00595,00595,,,
00596,00596,,,
00597,00597,,,
00598,00598,,,
00599,00599,,,
00600,00600,,,
00601,00601,,,
00602,00602,,,
00603,00603,,,
00604,00604,,,
00605,00605,,,
00606,00606,,,
00607,00607,,,
00608,00608,,,
00609,00609,,,
00610,00610,,,
00611,00611,,,
00612,00612,,,
00613,00613,,,
00614,00614,,,
00615,00615,,,
00616,00616,,,
00617,00617,,,
00618,00618,,,
00619,00619,,,
00620,00620,,,
00621,00621,,,
00622,00622,,,
00623,00623,,,
00624,00624,,,
00625,00625,,,
00626,00626,,,
00627,00627,,,
00628,00628,,,
00629,00629,,,
00630,00630,,,
00631,00631,,,
00632,00632,,,
00633,00633,,,
00634,00634,,,
00635,00635,,,
00636,00636,,,
00637,00637,,,
00638,00638,,,
00639,00639,,,
00640,00640,,,
00641,00641,,,
00642,00642,,,
00643,00643,,,
00644,00644,,,
00645,00645,,,
00646,00646,,,
00647,00647,,,
00648,00648,,,
00649,00649,,,
00650,00650,,,
00651,00651,,,
00652,00652,,,
00653,00653,,,
00654,00654,,,
00655,00655,,,
00656,00656,,,
00657,00657,,,
00658,00658,,,
00659,00659,,,
00660,00660,,,
00661,00661,,,
00662,00662,,,
00663,00663,,,
00664,00664,,,
00665,00665,,,
00666,00666,,,
00667,00667,,,
00668,00668,,,
00669,00669,,,
00670,00670,,,
00671,00671,,,
00672,00672,,,
00673,00673,,,
00674,00674,,,
00675,00675,,,
00676,00676,,,
00677,00677,,,
00678,00678,,,
00679,00679,,,
00680,00680,,,
00681,00681,,,
00682,00682,,,
00683,00683,,,
00684,00684,,,
00685,00685,,,
00686,00686,,,
00687,00687,,,
00688,00688,,,
00689,00689,,,
00690,00690,,,
00691,00691,,,
00692,00692,,,
00693,00693,,,
00694,00694,,,
00695,00695,,,
00696,00696,,,
00697,00697,,,
00698,00698,,,
00699,00699,,,
00700,00700,,,
00701,00701,,,
00702,00702,,,
00703,00703,,,
00704,00704,,,
00705,00705,,,
00706,00706,,,
00707,00707,,,
00708,00708,,,
00709,00709,,,
00710,00710,,,
00711,00711,,,
00712,00712,,,
00713,00713,,,
00714,00714,,,
00715,00715,,,
00716,00716,,,
00717,00717,,,
00718,00718,,,
00719,00719,,,
00720,00720,,,
00721,00721,,,
00722,00722,,,
00723,00723,,,
00724,00724,,,
00725,00725,,,
00726,00726,,,
00727,00727,,,
00728,00728,,,
00729,00729,,,
00730,00730,,,
00731,00731,,,
00732,00732,,,
00733,00733,,,
00734,00734,,,
00735,00735,,,
00736,00736,,,
00737,00737,,,
00738,00738,,,
00739,00739,,,
00740,00740,,,
00741,00741,,,
00742,00742,,,
00743,00743,,,
00744,00744,,,
00745,00745,,,
00746,00746,,,
00747,00747,,,
00748,00748,,,
00749,00749,,,
00750,00750,,,
00751,00751,,,
00752,00752,,,
00753,00753,,,
00754,00754,,,
00755,00755,,,
00756,00756,,,
00757,00757,,,
00758,00758,,,
00759,00759,,,
00760,00760,,,
00761,00761,,,
00762,00762,,,
00763,00763,,,
00764,00764,,,
00765,00765,,,
00766,00766,,,
00767,00767,,,
00768,00768,,,
00769,00769,,,
00770,00770,,,
00771,00771,,,
00772,00772,,,
00773,00773,,,
00774,00774,,,
00775,00775,,,
00776,00776,,,
00777,00777,,,
00778,00778,,,
00779,00779,,,
00780,00780,,,
00781,00781,,,
00782,00782,,,
00783,00783,,,
00784,00784,,,
00785,00785,,,
00786,00786,,,
00787,00787,,,
00788,00788,,,
00789,00789,,,
00790,00790,,,
00791,00791,,,
00792,00792,,,
00793,00793,,,
00794,00794,,,
00795,00795,,,
00796,00796,,,
00797,00797,,,
00798,00798,,,
00799,00799,,,
00800,00800,,,
00801,00801,,,
00802,00802,,,
00803,00803,,,
00804,00804,,,
00805,00805,,,
00806,00806,,,
00807,00807,,,
00808,00808,,,
00809,00809,,,
00810,00810,,,
00811,00811,,,
00812,00812,,,
00813,00813,,,
00814,00814,,,
00815,00815,,,
00816,00816,,,
00817,00817,,,
00818,00818,,,
00819,00819,,,
00820,00820,,,
00821,00821,,,
00822,00822,,,
00823,00823,,,
00824,00824,,,
00825,00825,,,
00826,00826,,,
00827,00827,,,
00828,00828,,,
00829,00829,,,
00830,00830,,,
00831,00831,,,
00832,00832,,,
00833,00833,,,
00834,00834,,,
00835,00835,,,
00836,00836,,,
00837,00837,,,
00838,00838,,,
00839,00839,,,
00840,00840,,,
00841,00841,,,
00842,00842,,,
00843,00843,,,
00844,00844,,,
00845,00845,,,
00846,00846,,,
00847,00847,,,
00848,00848,,,
00849,00849,,,
00850,00850,,,
00851,00851,,,
00852,00852,,,
00853,00853,,,
00854,00854,,,
00855,00855,,,
00856,00856,,,
00857,00857,,,
00858,00858,,,
00859,00859,,,
00860,00860,,,
00861,00861,,,
00862,00862,,,
00863,00863,,,
00864,00864,,,
00865,00865,,,
00866,00866,,,
00867,00867,,,
00868,00868,,,
00869,00869,,,
00870,00870,,,
00871,00871,,,
00872,00872,,,
00873,00873,,,
00874,00874,,,
00875,00875,,,
00876,00876,,,
00877,00877,,,
00878,00878,,,
00879,00879,,,
00880,00880,,,
00881,00881,,,
00882,00882,,,
00883,00883,,,
00884,00884,,,
00885,00885,,,
00886,00886,,,
00887,00887,,,
00888,00888,,,
00889,00889,,,
00890,00890,,,
00891,00891,,,
00892,00892,,,
00893,00893,,,
00894,00894,,,
00895,00895,,,
00896,00896,,,
00897,00897,,,
00898,00898,,,
00899,00899,,,
00900,00900,,,
00901,00901,,,
00902,00902,,,
00903,00903,,,
00904,00904,,,
00905,00905,,,
00906,00906,,,
00907,00907,,,
00908,00908,,,
00909,00909,,,
00910,00910,,,
00911,00911,,,
00912,00912,,,
00913,00913,,,
00914,00914,,,
00915,00915,,,
00916,00916,,,
00917,00917,,,
00918,00918,,,
00919,00919,,,
00920,00920,,,
00921,00921,,,
00922,00922,,,
00923,00923,,,
00924,00924,,,
00925,00925,,,
00926,00926,,,
00927,00927,,,
00928,00928,,,
00929,00929,,,
00930,00930,,,
00931,00931,,,
00932,00932,,,
00933,00933,,,
00934,00934,,,
00935,00935,,,
00936,00936,,,
00937,00937,,,
00938,00938,,,
00939,00939,,,
00940,00940,,,
00941,00941,,,
00942,00942,,,
00943,00943,,,
00944,00944,,,
00945,00945,,,
00946,00946,,,
00947,00947,,,
00948,00948,,,
00949,00949,,,
00950,00950,,,
00951,00951,,,
00952,00952,,,
00953,00953,,,
00954,00954,,,
00955,00955,,,
00956,00956,,,
00957,00957,,,
00958,00958,,,
00959,00959,,,
00960,00960,,,
00961,00961,,,
00962,00962,,,
00963,00963,,,
00964,00964,,,
00965,00965,,,
00966,00966,,,
00967,00967,,,
00968,00968,,,
00969,00969,,,
00970,00970,,,
00971,00971,,,
00972,00972,,,
00973,00973,,,
00974,00974,,,
00975,00975,,,
00976,00976,,,
00977,00977,,,
00978,00978,,,
00979,00979,,,
00980,00980,,,
00981,00981,,,
00982,00982,,,
00983,00983,,,
00984,00984,,,
00985,00985,,,
00986,00986,,,
00987,00987,,,
00988,00988,,,
00989,00989,,,
00990,00990,,,
00991,00991,,,
00992,00992,,,
00993,00993,,,
00994,00994,,,
00995,00995,,,
00996,00996,,,
00997,00997,,,
00998,00998,,,
00999,00999,,,
01000,01000,,,
01001,01001,,,
01002,01002,,,
01003,01003,,,
01004,01004,,,
01005,01005,,,
01006,01006,,,
01007,01007,,,
01008,01008,,,
01009,01009,,,
01010,01010,,,
01011,01011,,,
01012,01012,,,
01013,01013,,,
01014,01014,,,
01015,01015,,,
01016,01016,,,
01017,01017,,,
01018,01018,,,
01019,01019,,,
01020,01020,,,
01021,01021,,,
01022,01022,,,
01023,01023,,,
01024,01024,,,
01025,01025,,,
01026,01026,,,
01027,01027,,,
01028,01028,,,
01029,01029,,,
01030,01030,,,
01031,01031,,,
01032,01032,,,
01033,01033,,,
01034,01034,,,
01035,01035,,,
01036,01036,,,
01037,01037,,,
01038,01038,,,
01039,01039,,,
01040,01040,,,
01041,01041,,,
01042,01042,,,
01043,01043,,,
01044,01044,,,
01045,01045,,,
01046,01046,,,
01047,01047,,,
01048,01048,,,
01049,01049,,,
01050,01050,,,
01051,01051,,,
01052,01052,,,
01053,01053,,,
01054,01054,,,
01055,01055,,,
01056,01056,,,
01057,01057,,,
01058,01058,,,
01059,01059,,,
01060,01060,,,
01061,01061,,,
01062,01062,,,
01063,01063,,,
01064,01064,,,
01065,01065,,,
01066,01066,,,
01067,01067,,,
01068,01068,,,
01069,01069,,,
01070,01070,,,
01071,01071,,,
01072,01072,,,
01073,01073,,,
01074,01074,,,
01075,01075,,,
01076,01076,,,
01077,01077,,,
01078,01078,,,
01079,01079,,,
01080,01080,,,
01081,01081,,,
01082,01082,,,
01083,01083,,,
01084,01084,,,
01085,01085,,,
01086,01086,,,
01087,01087,,,
01088,01088,,,
01089,01089,,,
01090,01090,,,
01091,01091,,,
01092,01092,,,
01093,01093,,,
01094,01094,,,
01095,01095,,,
01096,01096,,,
01097,01097,,,
01098,01098,,,
01099,01099,,,
01100,01100,,,
01101,01101,,,
01102,01102,,,
01103,01103,,,
01104,01104,,,
01105,01105,,,
01106,01106,,,
01107,01107,,,
01108,01108,,,
01109,01109,,,
01110,01110,,,
01111,01111,,,
01112,01112,,,
01113,01113,,,
01114,01114,,,
01115,01115,,,
01116,01116,,,
01117,01117,,,
01118,01118,,,
01119,01119,,,
01120,01120,,,
01121,01121,,,
01122,01122,,,
01123,01123,,,
01124,01124,,,
01125,01125,,,
01126,01126,,,
01127,01127,,,
01128,01128,,,
01129,01129,,,
01130,01130,,,
01131,01131,,,
01132,01132,,,
01133,01133,,,
01134,01134,,,
01135,01135,,,
01136,01136,,,
01137,01137,,,
01138,01138,,,
01139,01139,,,
01140,01140,,,
01141,01141,,,
01142,01142,,,
01143,01143,,,
01144,01144,,,
01145,01145,,,
01146,01146,,,
01147,01147,,,
01148,01148,,,
01149,01149,,,
01150,01150,,,
01151,01151,,,
01152,01152,,,
01153,01153,,,
01154,01154,,,
01155,01155,,,
01156,01156,,,
01157,01157,,,
01158,01158,,,
01159,01159,,,
01160,01160,,,
01161,01161,,,
01162,01162,,,
01163,01163,,,
01164,01164,,,
01165,01165,,,
01166,01166,,,
01167,01167,,,
01168,01168,,,
01169,01169,,,
01170,01170,,,
01171,01171,,,
01172,01172,,,
01173,01173,,,
01174,01174,,,
01175,01175,,,
01176,01176,,,
01177,01177,,,
01178,01178,,,
01179,01179,,,
01180,01180,,,
01181,01181,,,
01182,01182,,,
01183,01183,,,
01184,01184,,,
01185,01185,,,
01186,01186,,,
01187,01187,,,
01188,01188,,,
01189,01189,,,
01190,01190,,,
01191,01191,,,
01192,01192,,,
01193,01193,,,
01194,01194,,,
01195,01195,,,
01196,01196,,,
01197,01197,,,
01198,01198,,,
01199,01199,,,
01200,01200,,,
01201,01201,,,
01202,01202,,,
01203,01203,,,
01204,01204,,,
01205,01205,,,
01206,01206,,,
01207,01207,,,
01208,01208,,,
01209,01209,,,
01210,01210,,,
01211,01211,,,
01212,01212,,,
01213,01213,,,
01214,01214,,,
01215,01215,,,
01216,01216,,,
01217,01217,,,
01218,01218,,,
01219,01219,,,
01220,01220,,,
01221,01221,,,
01222,01222,,,
01223,01223,,,
01224,01224,,,
01225,01225,,,
01226,01226,,,
01227,01227,,,
01228,01228,,,
01229,01229,,,
01230,01230,,,
01231,01231,,,
01232,01232,,,
01233,01233,,,
01234,01234,,,
01235,01235,,,
01236,01236,,,
01237,01237,,,
01238,01238,,,
01239,01239,,,
01240,01240,,,
01241,01241,,,
01242,01242,,,
01243,01243,,,
01244,01244,,,
01245,01245,,,
01246,01246,,,
01247,01247,,,
01248,01248,,,
01249,01249,,,
01250,01250,,,
01251,01251,,,
01252,01252,,,
01253,01253,,,
01254,01254,,,
01255,01255,,,
01256,01256,,,
01257,01257,,,
01258,01258,,,
01259,01259,,,
01260,01260,,,
01261,01261,,,
01262,01262,,,
01263,01263,,,
01264,01264,,,
01265,01265,,,
01266,01266,,,
01267,01267,,,
01268,01268,,,
01269,01269,,,
01270,01270,,,
01271,01271,,,
01272,01272,,,
01273,01273,,,
01274,01274,,,
01275,01275,,,
01276,01276,,,
01277,01277,,,
01278,01278,,,
01279,01279,,,
01280,01280,,,
01281,01281,,,
01282,01282,,,
01283,01283,,,
01284,01284,,,
01285,01285,,,
01286,01286,,,
01287,01287,,,
01288,01288,,,
01289,01289,,,
01290,01290,,,
01291,01291,,,
01292,01292,,,
01293,01293,,,
01294,01294,,,
01295,01295,,,
01296,01296,,,
01297,01297,,,
01298,01298,,,
01299,01299,,,
01300,01300,,,
01301,01301,,,
01302,01302,,,
01303,01303,,,
01304,01304,,,
01305,01305,,,
01306,01306,,,
01307,01307,,,
01308,01308,,,
01309,01309,,,
01310,01310,,,
01311,01311,,,
01312,01312,,,
01313,01313,,,
01314,01314,,,
01315,01315,,,
01316,01316,,,
01317,01317,,,
01318,01318,,,
01319,01319,,,
01320,01320,,,
01321,01321,,,
01322,01322,,,
01323,01323,,,
01324,01324,,,
01325,01325,,,
01326,01326,,,
01327,01327,,,
01328,01328,,,
01329,01329,,,
01330,01330,,,
01331,01331,,,
01332,01332,,,
01333,01333,,,
01334,01334,,,
01335,01335,,,
01336,01336,,,
01337,01337,,,
01338,01338,,,
01339,01339,,,
01340,01340,,,
01341,01341,,,
01342,01342,,,
01343,01343,,,
01344,01344,,,
01345,01345,,,
01346,01346,,,
01347,01347,,,
01348,01348,,,
01349,01349,,,
01350,01350,,,
01351,01351,,,
01352,01352,,,
01353,01353,,,
01354,01354,,,
01355,01355,,,
01356,01356,,,
01357,01357,,,
01358,01358,,,
01359,01359,,,
01360,01360,,,
01361,01361,,,
01362,01362,,,
01363,01363,,,
01364,01364,,,
01365,01365,,,
01366,01366,,,
01367,01367,,,
01368,01368,,,
01369,01369,,,
01370,01370,,,
01371,01371,,,
01372,01372,,,
01373,01373,,,
01374,01374,,,
01375,01375,,,
01376,01376,,,
01377,01377,,,
01378,01378,,,
01379,01379,,,
01380,01380,,,
01381,01381,,,
01382,01382,,,
01383,01383,,,
01384,01384,,,
01385,01385,,,
01386,01386,,,
01387,01387,,,
01388,01388,,,
01389,01389,,,
01390,01390,,,
01391,01391,,,
01392,01392,,,
01393,01393,,,
01394,01394,,,
01395,01395,,,
01396,01396,,,
01397,01397,,,
01398,01398,,,
01399,01399,,,
01400,01400,,,
01401,01401,,,
01402,01402,,,
01403,01403,,,
01404,01404,,,
01405,01405,,,
01406,01406,,,
01407,01407,,,
01408,01408,,,
01409,01409,,,
01410,01410,,,
01411,01411,,,
01412,01412,,,
01413,01413,,,
01414,01414,,,
01415,01415,,,
01416,01416,,,
01417,01417,,,
01418,01418,,,
01419,01419,,,
01420,01420,,,
01421,01421,,,
01422,01422,,,
01423,01423,,,
01424,01424,,,
01425,01425,,,
01426,01426,,,
01427,01427,,,
01428,01428,,,
01429,01429,,,
01430,01430,,,
01431,01431,,,
01432,01432,,,
01433,01433,,,
01434,01434,,,
01435,01435,,,
01436,01436,,,
01437,01437,,,
01438,01438,,,
01439,01439,,,
01440,01440,,,
01441,01441,,,
01442,01442,,,
01443,01443,,,
01444,01444,,,
01445,01445,,,
01446,01446,,,
01447,01447,,,
01448,01448,,,
01449,01449,,,
01450,01450,,,
01451,01451,,,
01452,01452,,,
01453,01453,,,
01454,01454,,,
01455,01455,,,
01456,01456,,,
01457,01457,,,
01458,01458,,,
01459,01459,,,
01460,01460,,,
01461,01461,,,
01462,01462,,,
01463,01463,,,
01464,01464,,,
01465,01465,,,
01466,01466,,,
01467,01467,,,
01468,01468,,,
01469,01469,,,
01470,01470,,,
01471,01471,,,
01472,01472,,,
01473,01473,,,
01474,01474,,,
01475,01475,,,
01476,01476,,,
01477,01477,,,
01478,01478,,,
01479,01479,,,
01480,01480,,,
01481,01481,,,
01482,01482,,,
01483,01483,,,
01484,01484,,,
01485,01485,,,
01486,01486,,,
01487,01487,,,
01488,01488,,,
01489,01489,,,
01490,01490,,,
01491,01491,,,
01492,01492,,,
01493,01493,,,
01494,01494,,,
01495,01495,,,
01496,01496,,,
01497,01497,,,
01498,01498,,,
01499,01499,,,
01500,01500,,,
01501,01501,,,
01502,01502,,,
01503,01503,,,
01504,01504,,,
01505,01505,,,
01506,01506,,,
01507,01507,,,
01508,01508,,,
01509,01509,,,
01510,01510,,,
01511,01511,,,
01512,01512,,,
01513,01513,,,
01514,01514,,,
01515,01515,,,
01516,01516,,,
01517,01517,,,
01518,01518,,,
01519,01519,,,
01520,01520,,,
01521,01521,,,
01522,01522,,,
01523,01523,,,
01524,01524,,,
01525,01525,,,
01526,01526,,,
01527,01527,,,
01528,01528,,,
01529,01529,,,
01530,01530,,,
01531,01531,,,
01532,01532,,,
01533,01533,,,
01534,01534,,,
01535,01535,,,
01536,01536,,,
01537,01537,,,
01538,01538,,,
01539,01539,,,
01540,01540,,,
01541,01541,,,
01542,01542,,,
01543,01543,,,
01544,01544,,,
01545,01545,,,
01546,01546,,,
01547,01547,,,
01548,01548,,,
01549,01549,,,
01550,01550,,,
01551,01551,,,
01552,01552,,,
01553,01553,,,
01554,01554,,,
01555,01555,,,
01556,01556,,,
01557,01557,,,
01558,01558,,,
01559,01559,,,
01560,01560,,,
01561,01561,,,
01562,01562,,,
01563,01563,,,
01564,01564,,,
01565,01565,,,
01566,01566,,,
01567,01567,,,
01568,01568,,,
01569,01569,,,
01570,01570,,,
01571,01571,,,
01572,01572,,,
01573,01573,,,
01574,01574,,,
01575,01575,,,
01576,01576,,,
01577,01577,,,
01578,01578,,,
01579,01579,,,
01580,01580,,,
01581,01581,,,
01582,01582,,,
01583,01583,,,
01584,01584,,,
01585,01585,,,
01586,01586,,,
01587,01587,,,
01588,01588,,,
01589,01589,,,
01590,01590,,,
01591,01591,,,
01592,01592,,,
01593,01593,,,
01594,01594,,,
01595,01595,,,
01596,01596,,,
01597,01597,,,
01598,01598,,,
01599,01599,,,
01600,01600,,,
01601,01601,,,
01602,01602,,,
01603,01603,,,
01604,01604,,,
01605,01605,,,
01606,01606,,,
01607,01607,,,
01608,01608,,,
01609,01609,,,
01610,01610,,,
01611,01611,,,
01612,01612,,,
01613,01613,,,
01614,01614,,,
01615,01615,,,
01616,01616,,,
01617,01617,,,
01618,01618,,,
01619,01619,,,
01620,01620,,,
01621,01621,,,
01622,01622,,,
01623,01623,,,
01624,01624,,,
01625,01625,,,
01626,01626,,,
01627,01627,,,
01628,01628,,,
01629,01629,,,
01630,01630,,,
01631,01631,,,
01632,01632,,,
01633,01633,,,
01634,01634,,,
01635,01635,,,
01636,01636,,,
01637,01637,,,
01638,01638,,,
01639,01639,,,
01640,01640,,,
01641,01641,,,
01642,01642,,,
01643,01643,,,
01644,01644,,,
01645,01645,,,
01646,01646,,,
01647,01647,,,
01648,01648,,,
01649,01649,,,
01650,01650,,,
01651,01651,,,
01652,01652,,,
01653,01653,,,
01654,01654,,,
01655,01655,,,
01656,01656,,,
01657,01657,,,
01658,01658,,,
01659,01659,,,
01660,01660,,,
01661,01661,,,
01662,01662,,,
01663,01663,,,
01664,01664,,,
01665,01665,,,
01666,01666,,,
01667,01667,,,
01668,01668,,,
01669,01669,,,
01670,01670,,,
01671,01671,,,
01672,01672,,,
01673,01673,,,
01674,01674,,,
01675,01675,,,
01676,01676,,,
01677,01677,,,
01678,01678,,,
01679,01679,,,
01680,01680,,,
01681,01681,,,
01682,01682,,,
01683,01683,,,
01684,01684,,,
01685,01685,,,
01686,01686,,,
01687,01687,,,
01688,01688,,,
01689,01689,,,
01690,01690,,,
01691,01691,,,
01692,01692,,,
01693,01693,,,
01694,01694,,,
01695,01695,,,
01696,01696,,,
01697,01697,,,
01698,01698,,,
01699,01699,,,
01700,01700,,,
01701,01701,,,
01702,01702,,,
01703,01703,,,
01704,01704,,,
01705,01705,,,
01706,01706,,,
01707,01707,,,
01708,01708,,,
01709,01709,,,
01710,01710,,,
01711,01711,,,
01712,01712,,,
01713,01713,,,
01714,01714,,,
01715,01715,,,
01716,01716,,,
01717,01717,,,
01718,01718,,,
01719,01719,,,
01720,01720,,,
01721,01721,,,
01722,01722,,,
01723,01723,,,
01724,01724,,,
01725,01725,,,
01726,01726,,,
01727,01727,,,
01728,01728,,,
01729,01729,,,
01730,01730,,,
01731,01731,,,
01732,01732,,,
01733,01733,,,
01734,01734,,,
01735,01735,,,
01736,01736,,,
01737,01737,,,
01738,01738,,,
01739,01739,,,
01740,01740,,,
01741,01741,,,
01742,01742,,,
01743,01743,,,
01744,01744,,,
01745,01745,,,
01746,01746,,,
01747,01747,,,
01748,01748,,,
01749,01749,,,
01750,01750,,,
01751,01751,,,
01752,01752,,,
01753,01753,,,
01754,01754,,,
01755,01755,,,
01756,01756,,,
01757,01757,,,
01758,01758,,,
01759,01759,,,
01760,01760,,,
01761,01761,,,
01762,01762,,,
01763,01763,,,
01764,01764,,,
01765,01765,,,
01766,01766,,,
01767,01767,,,
01768,01768,,,
01769,01769,,,
01770,01770,,,
01771,01771,,,
01772,01772,,,
01773,01773,,,
01774,01774,,,
01775,01775,,,
01776,01776,,,
01777,01777,,,
01778,01778,,,
01779,01779,,,
01780,01780,,,
01781,01781,,,
01782,01782,,,
01783,01783,,,
01784,01784,,,
01785,01785,,,
01786,01786,,,
01787,01787,,,
01788,01788,,,
01789,01789,,,
01790,01790,,,
01791,01791,,,
01792,01792,,,
01793,01793,,,
01794,01794,,,
01795,01795,,,
01796,01796,,,
01797,01797,,,
01798,01798,,,
01799,01799,,,
01800,01800,,,
01801,01801,,,
01802,01802,,,
01803,01803,,,
01804,01804,,,
01805,01805,,,
01806,01806,,,
01807,01807,,,
01808,01808,,,
01809,01809,,,
01810,01810,,,
01811,01811,,,
01812,01812,,,
01813,01813,,,
01814,01814,,,
01815,01815,,,
01816,01816,,,
01817,01817,,,
01818,01818,,,
01819,01819,,,
01820,01820,,,
01821,01821,,,
01822,01822,,,
01823,01823,,,
01824,01824,,,
01825,01825,,,
01826,01826,,,
01827,01827,,,
01828,01828,,,
01829,01829,,,
01830,01830,,,
01831,01831,,,
01832,01832,,,
01833,01833,,,
01834,01834,,,
01835,01835,,,
01836,01836,,,
01837,01837,,,
01838,01838,,,
01839,01839,,,
01840,01840,,,
01841,01841,,,
01842,01842,,,
01843,01843,,,
01844,01844,,,
01845,01845,,,
01846,01846,,,
01847,01847,,,
01848,01848,,,
01849,01849,,,
01850,01850,,,
01851,01851,,,
01852,01852,,,
01853,01853,,,
01854,01854,,,
01855,01855,,,
01856,01856,,,
01857,01857,,,
01858,01858,,,
01859,01859,,,
01860,01860,,,
01861,01861,,,
01862,01862,,,
01863,01863,,,
01864,01864,,,
01865,01865,,,
01866,01866,,,
01867,01867,,,
01868,01868,,,
01869,01869,,,
01870,01870,,,
01871,01871,,,
01872,01872,,,
01873,01873,,,
01874,01874,,,
01875,01875,,,
01876,01876,,,
01877,01877,,,
01878,01878,,,
01879,01879,,,
01880,01880,,,
01881,01881,,,
01882,01882,,,
01883,01883,,,
01884,01884,,,
01885,01885,,,
01886,01886,,,
01887,01887,,,
01888,01888,,,
01889,01889,,,
01890,01890,,,
01891,01891,,,
01892,01892,,,
01893,01893,,,
01894,01894,,,
01895,01895,,,
01896,01896,,,
01897,01897,,,
01898,01898,,,
01899,01899,,,
01900,01900,,,
01901,01901,,,
01902,01902,,,
01903,01903,,,
01904,01904,,,
01905,01905,,,
01906,01906,,,
01907,01907,,,
01908,01908,,,
01909,01909,,,
01910,01910,,,
01911,01911,,,
01912,01912,,,
01913,01913,,,
01914,01914,,,
01915,01915,,,
01916,01916,,,
01917,01917,,,
01918,01918,,,
01919,01919,,,
01920,01920,,,
01921,01921,,,
01922,01922,,,
01923,01923,,,
01924,01924,,,
01925,01925,,,
01926,01926,,,
01927,01927,,,
01928,01928,,,
01929,01929,,,
01930,01930,,,
01931,01931,,,
01932,01932,,,
01933,01933,,,
01934,01934,,,
01935,01935,,,
01936,01936,,,
01937,01937,,,
01938,01938,,,
01939,01939,,,
01940,01940,,,
01941,01941,,,
01942,01942,,,
01943,01943,,,
01944,01944,,,
01945,01945,,,
01946,01946,,,
01947,01947,,,
01948,01948,,,
01949,01949,,,
01950,01950,,,
01951,01951,,,
01952,01952,,,
01953,01953,,,
01954,01954,,,
01955,01955,,,
01956,01956,,,
01957,01957,,,
01958,01958,,,
01959,01959,,,
01960,01960,,,
01961,01961,,,
01962,01962,,,
01963,01963,,,
01964,01964,,,
01965,01965,,,
01966,01966,,,
01967,01967,,,
01968,01968,,,
01969,01969,,,
01970,01970,,,
01971,01971,,,
01972,01972,,,
01973,01973,,,
01974,01974,,,
01975,01975,,,
01976,01976,,,
01977,01977,,,
01978,01978,,,
01979,01979,,,
01980,01980,,,
01981,01981,,,
01982,01982,,,
01983,01983,,,
01984,01984,,,
01985,01985,,,
01986,01986,,,
01987,01987,,,
01988,01988,,,
01989,01989,,,
01990,01990,,,
01991,01991,,,
01992,01992,,,
01993,01993,,,
01994,01994,,,
01995,01995,,,
01996,01996,,,
01997,01997,,,
01998,01998,,,
01999,01999,,,
02000,02000,,,
02001,02001,,,
02002,02002,,,
02003,02003,,,
02004,02004,,,
02005,02005,,,
02006,02006,,,
02007,02007,,,
02008,02008,,,
02009,02009,,,
02010,02010,,,
02011,02011,,,
02012,02012,,,
02013,02013,,,
02014,02014,,,
02015,02015,,,
02016,02016,,,
02017,02017,,,
02018,02018,,,
02019,02019,,,
02020,02020,,,
02021,02021,,,
02022,02022,,,
02023,02023,,,
02024,02024,,,
02025,02025,,,
02026,02026,,,
02027,02027,,,
02028,02028,,,
02029,02029,,,
02030,02030,,,
02031,02031,,,
02032,02032,,,
02033,02033,,,
02034,02034,,,
02035,02035,,,
02036,02036,,,
02037,02037,,,
02038,02038,,,
02039,02039,,,
02040,02040,,,
02041,02041,,,
02042,02042,,,
02043,02043,,,
02044,02044,,,
02045,02045,,,
02046,02046,,,
02047,02047,,,
02048,02048,,,
02049,02049,,,
02050,02050,,,
02051,02051,,,
02052,02052,,,
02053,02053,,,
02054,02054,,,
02055,02055,,,
02056,02056,,,
02057,02057,,,
02058,02058,,,
02059,02059,,,
02060,02060,,,
02061,02061,,,
02062,02062,,,
02063,02063,,,
02064,02064,,,
02065,02065,,,
02066,02066,,,
02067,02067,,,
02068,02068,,,
02069,02069,,,
02070,02070,,,
02071,02071,,,
02072,02072,,,
02073,02073,,,
02074,02074,,,
02075,02075,,,
02076,02076,,,
02077,02077,,,
02078,02078,,,
02079,02079,,,
02080,02080,,,
02081,02081,,,
02082,02082,,,
02083,02083,,,
02084,02084,,,
02085,02085,,,
02086,02086,,,
02087,02087,,,
02088,02088,,,
02089,02089,,,
02090,02090,,,
02091,02091,,,
02092,02092,,,
02093,02093,,,
02094,02094,,,
02095,02095,,,
02096,02096,,,
02097,02097,,,
02098,02098,,,
02099,02099,,,
02100,02100,,,
02101,02101,,,
02102,02102,,,
02103,02103,,,
02104,02104,,,
02105,02105,,,
02106,02106,,,
02107,02107,,,
02108,02108,,,
02109,02109,,,
02110,02110,,,
02111,02111,,,
02112,02112,,,
02113,02113,,,
02114,02114,,,
02115,02115,,,
02116,02116,,,
02117,02117,,,
02118,02118,,,
02119,02119,,,
02120,02120,,,
02121,02121,,,
02122,02122,,,
02123,02123,,,
02124,02124,,,
02125,02125,,,
02126,02126,,,
02127,02127,,,
02128,02128,,,
02129,02129,,,
02130,02130,,,
02131,02131,,,
02132,02132,,,
02133,02133,,,
02134,02134,,,
02135,02135,,,
02136,02136,,,
02137,02137,,,
02138,02138,,,
02139,02139,,,
02140,02140,,,
02141,02141,,,
02142,02142,,,
02143,02143,,,
02144,02144,,,
02145,02145,,,
02146,02146,,,
02147,02147,,,
02148,02148,,,
02149,02149,,,
02150,02150,,,
02151,02151,,,
02152,02152,,,
02153,02153,,,
02154,02154,,,
02155,02155,,,
02156,02156,,,
02157,02157,,,
02158,02158,,,
02159,02159,,,
02160,02160,,,
02161,02161,,,
02162,02162,,,
02163,02163,,,
02164,02164,,,
02165,02165,,,
02166,02166,,,
02167,02167,,,
02168,02168,,,
02169,02169,,,
02170,02170,,,
02171,02171,,,
02172,02172,,,
02173,02173,,,
02174,02174,,,
02175,02175,,,
02176,02176,,,
02177,02177,,,
02178,02178,,,
02179,02179,,,
02180,02180,,,
02181,02181,,,
02182,02182,,,
02183,02183,,,
02184,02184,,,
02185,02185,,,
02186,02186,,,
02187,02187,,,
02188,02188,,,
02189,02189,,,
02190,02190,,,
02191,02191,,,
02192,02192,,,
02193,02193,,,
02194,02194,,,
02195,02195,,,
02196,02196,,,
02197,02197,,,
02198,02198,,,
02199,02199,,,
02200,02200,,,
02201,02201,,,
02202,02202,,,
02203,02203,,,
02204,02204,,,
02205,02205,,,
02206,02206,,,
02207,02207,,,
02208,02208,,,
02209,02209,,,
02210,02210,,,
02211,02211,,,
02212,02212,,,
02213,02213,,,
02214,02214,,,
02215,02215,,,
02216,02216,,,
02217,02217,,,
02218,02218,,,
02219,02219,,,
02220,02220,,,
02221,02221,,,
02222,02222,,,
02223,02223,,,
02224,02224,,,
02225,02225,,,
02226,02226,,,
02227,02227,,,
02228,02228,,,
02229,02229,,,
02230,02230,,,
02231,02231,,,
02232,02232,,,
02233,02233,,,
02234,02234,,,
02235,02235,,,
02236,02236,,,
02237,02237,,,
02238,02238,,,
02239,02239,,,
02240,02240,,,
02241,02241,,,
02242,02242,,,
02243,02243,,,
02244,02244,,,
02245,02245,,,
02246,02246,,,
02247,02247,,,
02248,02248,,,
02249,02249,,,
02250,02250,,,
02251,02251,,,
02252,02252,,,
02253,02253,,,
02254,02254,,,
02255,02255,,,
02256,02256,,,
02257,02257,,,
02258,02258,,,
02259,02259,,,
02260,02260,,,
02261,02261,,,
02262,02262,,,
02263,02263,,,
02264,02264,,,
02265,02265,,,
02266,02266,,,
02267,02267,,,
02268,02268,,,
02269,02269,,,
02270,02270,,,
02271,02271,,,
02272,02272,,,
02273,02273,,,
02274,02274,,,
02275,02275,,,
02276,02276,,,
02277,02277,,,
02278,02278,,,
02279,02279,,,
02280,02280,,,
02281,02281,,,
02282,02282,,,
02283,02283,,,
02284,02284,,,
02285,02285,,,
02286,02286,,,
02287,02287,,,
02288,02288,,,
02289,02289,,,
02290,02290,,,
02291,02291,,,
02292,02292,,,
02293,02293,,,
02294,02294,,,
02295,02295,,,
02296,02296,,,
02297,02297,,,
02298,02298,,,
02299,02299,,,
02300,02300,,,
02301,02301,,,
02302,02302,,,
02303,02303,,,
02304,02304,,,
02305,02305,,,
02306,02306,,,
02307,02307,,,
02308,02308,,,
02309,02309,,,
02310,02310,,,
02311,02311,,,
02312,02312,,,
02313,02313,,,
02314,02314,,,
02315,02315,,,
02316,02316,,,
02317,02317,,,
02318,02318,,,
02319,02319,,,
02320,02320,,,
02321,02321,,,
02322,02322,,,
02323,02323,,,
02324,02324,,,
02325,02325,,,
02326,02326,,,
02327,02327,,,
02328,02328,,,
02329,02329,,,
02330,02330,,,
02331,02331,,,
02332,02332,,,
02333,02333,,,
02334,02334,,,
02335,02335,,,
02336,02336,,,
02337,02337,,,
02338,02338,,,
02339,02339,,,
02340,02340,,,
02341,02341,,,
02342,02342,,,
02343,02343,,,
02344,02344,,,
02345,02345,,,
02346,02346,,,
02347,02347,,,
02348,02348,,,
02349,02349,,,
02350,02350,,,
02351,02351,,,
02352,02352,,,
02353,02353,,,
02354,02354,,,
02355,02355,,,
02356,02356,,,
02357,02357,,,
02358,02358,,,
02359,02359,,,
02360,02360,,,
02361,02361,,,
02362,02362,,,
02363,02363,,,
02364,02364,,,
02365,02365,,,
02366,02366,,,
02367,02367,,,
02368,02368,,,
02369,02369,,,
02370,02370,,,
02371,02371,,,
02372,02372,,,
02373,02373,,,
02374,02374,,,
02375,02375,,,
02376,02376,,,
02377,02377,,,
02378,02378,,,
02379,02379,,,
02380,02380,,,
02381,02381,,,
02382,02382,,,
02383,02383,,,
02384,02384,,,
02385,02385,,,
02386,02386,,,
02387,02387,,,
02388,02388,,,
02389,02389,,,
02390,02390,,,
02391,02391,,,
02392,02392,,,
02393,02393,,,
02394,02394,,,
02395,02395,,,
02396,02396,,,
02397,02397,,,
02398,02398,,,
02399,02399,,,
02400,02400,,,
02401,02401,,,
02402,02402,,,
02403,02403,,,
02404,02404,,,
02405,02405,,,
02406,02406,,,
02407,02407,,,
02408,02408,,,
02409,02409,,,
02410,02410,,,
02411,02411,,,
02412,02412,,,
02413,02413,,,
02414,02414,,,
02415,02415,,,
02416,02416,,,
02417,02417,,,
02418,02418,,,
02419,02419,,,
02420,02420,,,
02421,02421,,,
02422,02422,,,
02423,02423,,,
02424,02424,,,
02425,02425,,,
02426,02426,,,
02427,02427,,,
02428,02428,,,
02429,02429,,,
02430,02430,,,
02431,02431,,,
02432,02432,,,
02433,02433,,,
02434,02434,,,
02435,02435,,,
02436,02436,,,
02437,02437,,,
02438,02438,,,
02439,02439,,,
02440,02440,,,
02441,02441,,,
02442,02442,,,
02443,02443,,,
02444,02444,,,
02445,02445,,,
02446,02446,,,
02447,02447,,,
02448,02448,,,
02449,02449,,,
02450,02450,,,
02451,02451,,,
02452,02452,,,
02453,02453,,,
02454,02454,,,
02455,02455,,,
02456,02456,,,
02457,02457,,,
02458,02458,,,
02459,02459,,,
02460,02460,,,
02461,02461,,,
02462,02462,,,
02463,02463,,,
02464,02464,,,
02465,02465,,,
02466,02466,,,
02467,02467,,,
02468,02468,,,
02469,02469,,,
02470,02470,,,
02471,02471,,,
02472,02472,,,
02473,02473,,,
02474,02474,,,
02475,02475,,,
02476,02476,,,
02477,02477,,,
02478,02478,,,
02479,02479,,,
02480,02480,,,
02481,02481,,,
02482,02482,,,
02483,02483,,,
02484,02484,,,
02485,02485,,,
02486,02486,,,
02487,02487,,,
02488,02488,,,
02489,02489,,,
02490,02490,,,
02491,02491,,,
02492,02492,,,
02493,02493,,,
02494,02494,,,
02495,02495,,,
02496,02496,,,
02497,02497,,,
02498,02498,,,
02499,02499,,,
02500,02500,,,
02501,02501,,,
02502,02502,,,
02503,02503,,,
02504,02504,,,
02505,02505,,,
02506,02506,,,
02507,02507,,,
02508,02508,,,
02509,02509,,,
02510,02510,,,
02511,02511,,,
02512,02512,,,
02513,02513,,,
02514,02514,,,
02515,02515,,,
02516,02516,,,
02517,02517,,,
02518,02518,,,
02519,02519,,,
02520,02520,,,
02521,02521,,,
02522,02522,,,
02523,02523,,,
02524,02524,,,
02525,02525,,,
02526,02526,,,
02527,02527,,,
02528,02528,,,
02529,02529,,,
02530,02530,,,
02531,02531,,,
02532,02532,,,
02533,02533,,,
02534,02534,,,
02535,02535,,,
02536,02536,,,
02537,02537,,,
02538,02538,,,
02539,02539,,,
02540,02540,,,
02541,02541,,,
02542,02542,,,
02543,02543,,,
02544,02544,,,
02545,02545,,,
02546,02546,,,
02547,02547,,,
02548,02548,,,
02549,02549,,,
02550,02550,,,
02551,02551,,,
02552,02552,,,
02553,02553,,,
02554,02554,,,
02555,02555,,,
02556,02556,,,
02557,02557,,,
02558,02558,,,
02559,02559,,,
02560,02560,,,
02561,02561,,,
02562,02562,,,
02563,02563,,,
02564,02564,,,
02565,02565,,,
02566,02566,,,
02567,02567,,,
02568,02568,,,
02569,02569,,,
02570,02570,,,
02571,02571,,,
02572,02572,,,
02573,02573,,,
02574,02574,,,
02575,02575,,,
02576,02576,,,
02577,02577,,,
02578,02578,,,
02579,02579,,,
02580,02580,,,
02581,02581,,,
02582,02582,,,
02583,02583,,,
02584,02584,,,
02585,02585,,,
02586,02586,,,
02587,02587,,,
02588,02588,,,
02589,02589,,,
02590,02590,,,
02591,02591,,,
02592,02592,,,
02593,02593,,,
02594,02594,,,
02595,02595,,,
02596,02596,,,
02597,02597,,,
02598,02598,,,
02599,02599,,,
02600,02600,,,
02601,02601,,,
02602,02602,,,
02603,02603,,,
02604,02604,,,
02605,02605,,,
02606,02606,,,
02607,02607,,,
02608,02608,,,
02609,02609,,,
02610,02610,,,
02611,02611,,,
02612,02612,,,
02613,02613,,,
02614,02614,,,
02615,02615,,,
02616,02616,,,
02617,02617,,,
02618,02618,,,
02619,02619,,,
02620,02620,,,
02621,02621,,,
02622,02622,,,
02623,02623,,,
02624,02624,,,
02625,02625,,,
02626,02626,,,
02627,02627,,,
02628,02628,,,
02629,02629,,,
02630,02630,,,
02631,02631,,,
02632,02632,,,
02633,02633,,,
02634,02634,,,
02635,02635,,,
02636,02636,,,
02637,02637,,,
02638,02638,,,
02639,02639,,,
02640,02640,,,
02641,02641,,,
02642,02642,,,
02643,02643,,,
02644,02644,,,
02645,02645,,,
02646,02646,,,
02647,02647,,,
02648,02648,,,
02649,02649,,,
02650,02650,,,
02651,02651,,,
02652,02652,,,
02653,02653,,,
02654,02654,,,
02655,02655,,,
02656,02656,,,
02657,02657,,,
02658,02658,,,
02659,02659,,,
02660,02660,,,
02661,02661,,,
02662,02662,,,
02663,02663,,,
02664,02664,,,
02665,02665,,,
02666,02666,,,
02667,02667,,,
02668,02668,,,
02669,02669,,,
02670,02670,,,
02671,02671,,,
02672,02672,,,
02673,02673,,,
02674,02674,,,
02675,02675,,,
02676,02676,,,
02677,02677,,,
02678,02678,,,
02679,02679,,,
02680,02680,,,
02681,02681,,,
02682,02682,,,
02683,02683,,,
02684,02684,,,
02685,02685,,,
02686,02686,,,
02687,02687,,,
02688,02688,,,
02689,02689,,,
02690,02690,,,
02691,02691,,,
02692,02692,,,
02693,02693,,,
02694,02694,,,
02695,02695,,,
02696,02696,,,
02697,02697,,,
02698,02698,,,
02699,02699,,,
02700,02700,,,
02701,02701,,,
02702,02702,,,
02703,02703,,,
02704,02704,,,
02705,02705,,,
02706,02706,,,
02707,02707,,,
02708,02708,,,
02709,02709,,,
02710,02710,,,
02711,02711,,,
02712,02712,,,
02713,02713,,,
02714,02714,,,
02715,02715,,,
02716,02716,,,
02717,02717,,,
02718,02718,,,
02719,02719,,,
02720,02720,,,
02721,02721,,,
02722,02722,,,
02723,02723,,,
02724,02724,,,
02725,02725,,,
02726,02726,,,
02727,02727,,,
02728,02728,,,
02729,02729,,,
02730,02730,,,
02731,02731,,,
02732,02732,,,
02733,02733,,,
02734,02734,,,
02735,02735,,,
02736,02736,,,
02737,02737,,,
02738,02738,,,
02739,02739,,,
02740,02740,,,
02741,02741,,,
02742,02742,,,
02743,02743,,,
02744,02744,,,
02745,02745,,,
02746,02746,,,
02747,02747,,,
02748,02748,,,
02749,02749,,,
02750,02750,,,
02751,02751,,,
02752,02752,,,
02753,02753,,,
02754,02754,,,
02755,02755,,,
02756,02756,,,
02757,02757,,,
02758,02758,,,
02759,02759,,,
02760,02760,,,
02761,02761,,,
02762,02762,,,
02763,02763,,,
02764,02764,,,
02765,02765,,,
02766,02766,,,
02767,02767,,,
02768,02768,,,
02769,02769,,,
02770,02770,,,
02771,02771,,,
02772,02772,,,
02773,02773,,,
02774,02774,,,
02775,02775,,,
02776,02776,,,
02777,02777,,,
02778,02778,,,
02779,02779,,,
02780,02780,,,
02781,02781,,,
02782,02782,,,
02783,02783,,,
02784,02784,,,
02785,02785,,,
02786,02786,,,
02787,02787,,,
02788,02788,,,
02789,02789,,,
02790,02790,,,
02791,02791,,,
02792,02792,,,
02793,02793,,,
02794,02794,,,
02795,02795,,,
02796,02796,,,
02797,02797,,,
02798,02798,,,
02799,02799,,,
02800,02800,,,
02801,02801,,,
02802,02802,,,
02803,02803,,,
02804,02804,,,
02805,02805,,,
02806,02806,,,
02807,02807,,,
02808,02808,,,
02809,02809,,,
02810,02810,,,
02811,02811,,,
02812,02812,,,
02813,02813,,,
02814,02814,,,
02815,02815,,,
02816,02816,,,
02817,02817,,,
02818,02818,,,
02819,02819,,,
02820,02820,,,
02821,02821,,,
02822,02822,,,
02823,02823,,,
02824,02824,,,
02825,02825,,,
02826,02826,,,
02827,02827,,,
02828,02828,,,
02829,02829,,,
02830,02830,,,
02831,02831,,,
02832,02832,,,
02833,02833,,,
02834,02834,,,
02835,02835,,,
02836,02836,,,
02837,02837,,,
02838,02838,,,
02839,02839,,,
02840,02840,,,
02841,02841,,,
02842,02842,,,
02843,02843,,,
02844,02844,,,
02845,02845,,,
02846,02846,,,
02847,02847,,,
02848,02848,,,
02849,02849,,,
02850,02850,,,
02851,02851,,,
02852,02852,,,
02853,02853,,,
02854,02854,,,
02855,02855,,,
02856,02856,,,
02857,02857,,,
02858,02858,,,
02859,02859,,,
02860,02860,,,
02861,02861,,,
02862,02862,,,
02863,02863,,,
02864,02864,,,
02865,02865,,,
02866,02866,,,
02867,02867,,,
02868,02868,,,
02869,02869,,,
02870,02870,,,
02871,02871,,,
02872,02872,,,
02873,02873,,,
02874,02874,,,
02875,02875,,,
02876,02876,,,
02877,02877,,,
02878,02878,,,
02879,02879,,,
02880,02880,,,
02881,02881,,,
02882,02882,,,
02883,02883,,,
02884,02884,,,
02885,02885,,,
02886,02886,,,
02887,02887,,,
02888,02888,,,
02889,02889,,,
02890,02890,,,
02891,02891,,,
02892,02892,,,
02893,02893,,,
02894,02894,,,
02895,02895,,,
02896,02896,,,
02897,02897,,,
02898,02898,,,
02899,02899,,,
02900,02900,,,
02901,02901,,,
02902,02902,,,
02903,02903,,,
02904,02904,,,
02905,02905,,,
02906,02906,,,
02907,02907,,,
02908,02908,,,
02909,02909,,,
02910,02910,,,
02911,02911,,,
02912,02912,,,
02913,02913,,,
02914,02914,,,
02915,02915,,,
02916,02916,,,
02917,02917,,,
02918,02918,,,
02919,02919,,,
02920,02920,,,
02921,02921,,,
02922,02922,,,
02923,02923,,,
02924,02924,,,
02925,02925,,,
02926,02926,,,
02927,02927,,,
02928,02928,,,
02929,02929,,,
02930,02930,,,
02931,02931,,,
02932,02932,,,
02933,02933,,,
02934,02934,,,
02935,02935,,,
02936,02936,,,
02937,02937,,,
02938,02938,,,
02939,02939,,,
02940,02940,,,
02941,02941,,,
02942,02942,,,
02943,02943,,,
02944,02944,,,
02945,02945,,,
02946,02946,,,
02947,02947,,,
02948,02948,,,
02949,02949,,,
02950,02950,,,
02951,02951,,,
02952,02952,,,
02953,02953,,,
02954,02954,,,
02955,02955,,,
02956,02956,,,
02957,02957,,,
02958,02958,,,
02959,02959,,,
02960,02960,,,
02961,02961,,,
02962,02962,,,
02963,02963,,,
02964,02964,,,
02965,02965,,,
02966,02966,,,
02967,02967,,,
02968,02968,,,
02969,02969,,,
02970,02970,,,
02971,02971,,,
02972,02972,,,
02973,02973,,,
02974,02974,,,
02975,02975,,,
02976,02976,,,
02977,02977,,,
02978,02978,,,
02979,02979,,,
02980,02980,,,
02981,02981,,,
02982,02982,,,
02983,02983,,,
02984,02984,,,
02985,02985,,,
02986,02986,,,
02987,02987,,,
02988,02988,,,
02989,02989,,,
02990,02990,,,
02991,02991,,,
02992,02992,,,
02993,02993,,,
02994,02994,,,
02995,02995,,,
02996,02996,,,
02997,02997,,,
02998,02998,,,
02999,02999,,,
03000,03000,,,
03001,03001,,,
03002,03002,,,
03003,03003,,,
03004,03004,,,
03005,03005,,,
03006,03006,,,
03007,03007,,,
03008,03008,,,
03009,03009,,,
03010,03010,,,
03011,03011,,,
03012,03012,,,
03013,03013,,,
03014,03014,,,
03015,03015,,,
03016,03016,,,
03017,03017,,,
03018,03018,,,
03019,03019,,,
03020,03020,,,
03021,03021,,,
03022,03022,,,
03023,03023,,,
03024,03024,,,
03025,03025,,,
03026,03026,,,
03027,03027,,,
03028,03028,,,
03029,03029,,,
03030,03030,,,
03031,03031,,,
03032,03032,,,
03033,03033,,,
03034,03034,,,
03035,03035,,,
03036,03036,,,
03037,03037,,,
03038,03038,,,
03039,03039,,,
03040,03040,,,
03041,03041,,,
03042,03042,,,
03043,03043,,,
03044,03044,,,
03045,03045,,,
03046,03046,,,
03047,03047,,,
03048,03048,,,
03049,03049,,,
03050,03050,,,
03051,03051,,,
03052,03052,,,
03053,03053,,,
03054,03054,,,
03055,03055,,,
03056,03056,,,
03057,03057,,,
03058,03058,,,
03059,03059,,,
03060,03060,,,
03061,03061,,,
03062,03062,,,
03063,03063,,,
03064,03064,,,
03065,03065,,,
03066,03066,,,
03067,03067,,,
03068,03068,,,
03069,03069,,,
03070,03070,,,
03071,03071,,,
03072,03072,,,
03073,03073,,,
03074,03074,,,
03075,03075,,,
03076,03076,,,
03077,03077,,,
03078,03078,,,
03079,03079,,,
03080,03080,,,
03081,03081,,,
03082,03082,,,
03083,03083,,,
03084,03084,,,
03085,03085,,,
03086,03086,,,
03087,03087,,,
03088,03088,,,
03089,03089,,,
03090,03090,,,
03091,03091,,,
03092,03092,,,
03093,03093,,,
03094,03094,,,
03095,03095,,,
03096,03096,,,
03097,03097,,,
03098,03098,,,
03099,03099,,,
03100,03100,,,
03101,03101,,,
03102,03102,,,
03103,03103,,,
03104,03104,,,
03105,03105,,,
03106,03106,,,
03107,03107,,,
03108,03108,,,
03109,03109,,,
03110,03110,,,
03111,03111,,,
03112,03112,,,
03113,03113,,,
03114,03114,,,
03115,03115,,,
03116,03116,,,
03117,03117,,,
03118,03118,,,
03119,03119,,,
03120,03120,,,
03121,03121,,,
03122,03122,,,
03123,03123,,,
03124,03124,,,
03125,03125,,,
03126,03126,,,
03127,03127,,,
03128,03128,,,
03129,03129,,,
03130,03130,,,
03131,03131,,,
03132,03132,,,
03133,03133,,,
03134,03134,,,
03135,03135,,,
03136,03136,,,
03137,03137,,,
03138,03138,,,
03139,03139,,,
03140,03140,,,
03141,03141,,,
03142,03142,,,
03143,03143,,,
03144,03144,,,
03145,03145,,,
03146,03146,,,
03147,03147,,,
03148,03148,,,
03149,03149,,,
03150,03150,,,
03151,03151,,,
03152,03152,,,
03153,03153,,,
03154,03154,,,
03155,03155,,,
03156,03156,,,
03157,03157,,,
03158,03158,,,
03159,03159,,,
03160,03160,,,
03161,03161,,,
03162,03162,,,
03163,03163,,,
03164,03164,,,
03165,03165,,,
03166,03166,,,
03167,03167,,,
03168,03168,,,
03169,03169,,,
03170,03170,,,
03171,03171,,,
03172,03172,,,
03173,03173,,,
03174,03174,,,
03175,03175,,,
03176,03176,,,
03177,03177,,,
03178,03178,,,
03179,03179,,,
03180,03180,,,
03181,03181,,,
03182,03182,,,
03183,03183,,,
03184,03184,,,
03185,03185,,,
03186,03186,,,
03187,03187,,,
03188,03188,,,
03189,03189,,,
03190,03190,,,
03191,03191,,,
03192,03192,,,
03193,03193,,,
03194,03194,,,
03195,03195,,,
03196,03196,,,
03197,03197,,,
03198,03198,,,
03199,03199,,,
03200,03200,,,
03201,03201,,,
03202,03202,,,
03203,03203,,,
03204,03204,,,
03205,03205,,,
03206,03206,,,
03207,03207,,,
03208,03208,,,
03209,03209,,,
03210,03210,,,
03211,03211,,,
03212,03212,,,
03213,03213,,,
03214,03214,,,
03215,03215,,,
03216,03216,,,
03217,03217,,,
03218,03218,,,
03219,03219,,,
03220,03220,,,
03221,03221,,,
03222,03222,,,
03223,03223,,,
03224,03224,,,
03225,03225,,,
03226,03226,,,
03227,03227,,,
03228,03228,,,
03229,03229,,,
03230,03230,,,
03231,03231,,,
03232,03232,,,
03233,03233,,,
03234,03234,,,
03235,03235,,,
03236,03236,,,
03237,03237,,,
03238,03238,,,
03239,03239,,,
03240,03240,,,
03241,03241,,,
03242,03242,,,
03243,03243,,,
03244,03244,,,
03245,03245,,,
03246,03246,,,
03247,03247,,,
03248,03248,,,
03249,03249,,,
03250,03250,,,
03251,03251,,,
03252,03252,,,
03253,03253,,,
03254,03254,,,
03255,03255,,,
03256,03256,,,
03257,03257,,,
03258,03258,,,
03259,03259,,,
03260,03260,,,
03261,03261,,,
03262,03262,,,
03263,03263,,,
03264,03264,,,
03265,03265,,,
03266,03266,,,
03267,03267,,,
03268,03268,,,
03269,03269,,,
03270,03270,,,
03271,03271,,,
03272,03272,,,
03273,03273,,,
03274,03274,,,
03275,03275,,,
03276,03276,,,
03277,03277,,,
03278,03278,,,
03279,03279,,,
03280,03280,,,
03281,03281,,,
03282,03282,,,
03283,03283,,,
03284,03284,,,
03285,03285,,,
03286,03286,,,
03287,03287,,,
03288,03288,,,
03289,03289,,,
03290,03290,,,
03291,03291,,,
03292,03292,,,
03293,03293,,,
03294,03294,,,
03295,03295,,,
03296,03296,,,
03297,03297,,,
03298,03298,,,
03299,03299,,,
03300,03300,,,
03301,03301,,,
03302,03302,,,
03303,03303,,,
03304,03304,,,
03305,03305,,,
03306,03306,,,
03307,03307,,,
03308,03308,,,
03309,03309,,,
03310,03310,,,
03311,03311,,,
03312,03312,,,
03313,03313,,,
03314,03314,,,
03315,03315,,,
03316,03316,,,
03317,03317,,,
03318,03318,,,
03319,03319,,,
03320,03320,,,
03321,03321,,,
03322,03322,,,
03323,03323,,,
03324,03324,,,
03325,03325,,,
03326,03326,,,
03327,03327,,,
03328,03328,,,
03329,03329,,,
03330,03330,,,
03331,03331,,,
03332,03332,,,
03333,03333,,,
03334,03334,,,
03335,03335,,,
03336,03336,,,
03337,03337,,,
03338,03338,,,
03339,03339,,,
03340,03340,,,
03341,03341,,,
03342,03342,,,
03343,03343,,,
03344,03344,,,
03345,03345,,,
03346,03346,,,
03347,03347,,,
03348,03348,,,
03349,03349,,,
03350,03350,,,
03351,03351,,,
03352,03352,,,
03353,03353,,,
03354,03354,,,
03355,03355,,,
03356,03356,,,
03357,03357,,,
03358,03358,,,
03359,03359,,,
03360,03360,,,
03361,03361,,,
03362,03362,,,
03363,03363,,,
03364,03364,,,
03365,03365,,,
03366,03366,,,
03367,03367,,,
03368,03368,,,
03369,03369,,,
03370,03370,,,
03371,03371,,,
03372,03372,,,
03373,03373,,,
03374,03374,,,
03375,03375,,,
03376,03376,,,
03377,03377,,,
03378,03378,,,
03379,03379,,,
03380,03380,,,
03381,03381,,,
03382,03382,,,
03383,03383,,,
03384,03384,,,
03385,03385,,,
03386,03386,,,
03387,03387,,,
03388,03388,,,
03389,03389,,,
03390,03390,,,
03391,03391,,,
03392,03392,,,
03393,03393,,,
03394,03394,,,
03395,03395,,,
03396,03396,,,
03397,03397,,,
03398,03398,,,
03399,03399,,,
03400,03400,,,
03401,03401,,,
03402,03402,,,
03403,03403,,,
03404,03404,,,
03405,03405,,,
03406,03406,,,
03407,03407,,,
03408,03408,,,
03409,03409,,,
03410,03410,,,
03411,03411,,,
03412,03412,,,
03413,03413,,,
03414,03414,,,
03415,03415,,,
03416,03416,,,
03417,03417,,,
03418,03418,,,
03419,03419,,,
03420,03420,,,
03421,03421,,,
03422,03422,,,
03423,03423,,,
03424,03424,,,
03425,03425,,,
03426,03426,,,
03427,03427,,,
03428,03428,,,
03429,03429,,,
03430,03430,,,
03431,03431,,,
03432,03432,,,
03433,03433,,,
03434,03434,,,
03435,03435,,,
03436,03436,,,
03437,03437,,,
03438,03438,,,
03439,03439,,,
03440,03440,,,
03441,03441,,,
03442,03442,,,
03443,03443,,,
03444,03444,,,
03445,03445,,,
03446,03446,,,
03447,03447,,,
03448,03448,,,
03449,03449,,,
03450,03450,,,
03451,03451,,,
03452,03452,,,
03453,03453,,,
03454,03454,,,
03455,03455,,,
03456,03456,,,
03457,03457,,,
03458,03458,,,
03459,03459,,,
03460,03460,,,
03461,03461,,,
03462,03462,,,
03463,03463,,,
03464,03464,,,
03465,03465,,,
03466,03466,,,
03467,03467,,,
03468,03468,,,
03469,03469,,,
03470,03470,,,
03471,03471,,,
03472,03472,,,
03473,03473,,,
03474,03474,,,
03475,03475,,,
03476,03476,,,
03477,03477,,,
03478,03478,,,
03479,03479,,,
03480,03480,,,
03481,03481,,,
03482,03482,,,
03483,03483,,,
03484,03484,,,
03485,03485,,,
03486,03486,,,
03487,03487,,,
03488,03488,,,
03489,03489,,,
03490,03490,,,
03491,03491,,,
03492,03492,,,
03493,03493,,,
03494,03494,,,
03495,03495,,,
03496,03496,,,
03497,03497,,,
03498,03498,,,
03499,03499,,,
03500,03500,,,
03501,03501,,,
03502,03502,,,
03503,03503,,,
03504,03504,,,
03505,03505,,,
03506,03506,,,
03507,03507,,,
03508,03508,,,
03509,03509,,,
03510,03510,,,
03511,03511,,,
03512,03512,,,
03513,03513,,,
03514,03514,,,
03515,03515,,,
03516,03516,,,
03517,03517,,,
03518,03518,,,
03519,03519,,,
03520,03520,,,
03521,03521,,,
03522,03522,,,
03523,03523,,,
03524,03524,,,
03525,03525,,,
03526,03526,,,
03527,03527,,,
03528,03528,,,
03529,03529,,,
03530,03530,,,
03531,03531,,,
03532,03532,,,
03533,03533,,,
03534,03534,,,
03535,03535,,,
03536,03536,,,
03537,03537,,,
03538,03538,,,
03539,03539,,,
03540,03540,,,
03541,03541,,,
03542,03542,,,
03543,03543,,,
03544,03544,,,
03545,03545,,,
03546,03546,,,
03547,03547,,,
03548,03548,,,
03549,03549,,,
03550,03550,,,
03551,03551,,,
03552,03552,,,
03553,03553,,,
03554,03554,,,
03555,03555,,,
03556,03556,,,
03557,03557,,,
03558,03558,,,
03559,03559,,,
03560,03560,,,
03561,03561,,,
03562,03562,,,
03563,03563,,,
03564,03564,,,
03565,03565,,,
03566,03566,,,
03567,03567,,,
03568,03568,,,
03569,03569,,,
03570,03570,,,
03571,03571,,,
03572,03572,,,
03573,03573,,,
03574,03574,,,
03575,03575,,,
03576,03576,,,
03577,03577,,,
03578,03578,,,
03579,03579,,,
03580,03580,,,
03581,03581,,,
03582,03582,,,
03583,03583,,,
03584,03584,,,
03585,03585,,,
03586,03586,,,
03587,03587,,,
03588,03588,,,
03589,03589,,,
03590,03590,,,
03591,03591,,,
03592,03592,,,
03593,03593,,,
03594,03594,,,
03595,03595,,,
03596,03596,,,
03597,03597,,,
03598,03598,,,
03599,03599,,,
03600,03600,,,
03601,03601,,,
03602,03602,,,
03603,03603,,,
03604,03604,,,
03605,03605,,,
03606,03606,,,
03607,03607,,,
03608,03608,,,
03609,03609,,,
03610,03610,,,
03611,03611,,,
03612,03612,,,
03613,03613,,,
03614,03614,,,
03615,03615,,,
03616,03616,,,
03617,03617,,,
03618,03618,,,
03619,03619,,,
03620,03620,,,
03621,03621,,,
03622,03622,,,
03623,03623,,,
03624,03624,,,
03625,03625,,,
03626,03626,,,
03627,03627,,,
03628,03628,,,
03629,03629,,,
03630,03630,,,
03631,03631,,,
03632,03632,,,
03633,03633,,,
03634,03634,,,
03635,03635,,,
03636,03636,,,
03637,03637,,,
03638,03638,,,
03639,03639,,,
03640,03640,,,
03641,03641,,,
03642,03642,,,
03643,03643,,,
03644,03644,,,
03645,03645,,,
03646,03646,,,
03647,03647,,,
03648,03648,,,
03649,03649,,,
03650,03650,,,
03651,03651,,,
03652,03652,,,
03653,03653,,,
03654,03654,,,
03655,03655,,,
03656,03656,,,
03657,03657,,,
03658,03658,,,
03659,03659,,,
03660,03660,,,
03661,03661,,,
03662,03662,,,
03663,03663,,,
03664,03664,,,
03665,03665,,,
03666,03666,,,
03667,03667,,,
03668,03668,,,
03669,03669,,,
03670,03670,,,
03671,03671,,,
03672,03672,,,
03673,03673,,,
03674,03674,,,
03675,03675,,,
03676,03676,,,
03677,03677,,,
03678,03678,,,
03679,03679,,,
03680,03680,,,
03681,03681,,,
03682,03682,,,
03683,03683,,,
03684,03684,,,
03685,03685,,,
03686,03686,,,
03687,03687,,,
03688,03688,,,
03689,03689,,,
03690,03690,,,
03691,03691,,,
03692,03692,,,
03693,03693,,,
03694,03694,,,
03695,03695,,,
03696,03696,,,
03697,03697,,,
03698,03698,,,
03699,03699,,,
03700,03700,,,
03701,03701,,,
03702,03702,,,
03703,03703,,,
03704,03704,,,
03705,03705,,,
03706,03706,,,
03707,03707,,,
03708,03708,,,
03709,03709,,,
03710,03710,,,
03711,03711,,,
03712,03712,,,
03713,03713,,,
03714,03714,,,
03715,03715,,,
03716,03716,,,
03717,03717,,,
03718,03718,,,
03719,03719,,,
03720,03720,,,
03721,03721,,,
03722,03722,,,
03723,03723,,,
03724,03724,,,
03725,03725,,,
03726,03726,,,
03727,03727,,,
03728,03728,,,
03729,03729,,,
03730,03730,,,
03731,03731,,,
03732,03732,,,
03733,03733,,,
03734,03734,,,
03735,03735,,,
03736,03736,,,
03737,03737,,,
03738,03738,,,
03739,03739,,,
03740,03740,,,
03741,03741,,,
03742,03742,,,
03743,03743,,,
03744,03744,,,
03745,03745,,,
03746,03746,,,
03747,03747,,,
03748,03748,,,
03749,03749,,,
03750,03750,,,
03751,03751,,,
03752,03752,,,
03753,03753,,,
03754,03754,,,
03755,03755,,,
03756,03756,,,
03757,03757,,,
03758,03758,,,
03759,03759,,,
03760,03760,,,
03761,03761,,,
03762,03762,,,
03763,03763,,,
03764,03764,,,
03765,03765,,,
03766,03766,,,
03767,03767,,,
03768,03768,,,
03769,03769,,,
03770,03770,,,
03771,03771,,,
03772,03772,,,
03773,03773,,,
03774,03774,,,
03775,03775,,,
03776,03776,,,
03777,03777,,,
03778,03778,,,
03779,03779,,,
03780,03780,,,
03781,03781,,,
03782,03782,,,
03783,03783,,,
03784,03784,,,
03785,03785,,,
03786,03786,,,
03787,03787,,,
03788,03788,,,
03789,03789,,,
03790,03790,,,
03791,03791,,,
03792,03792,,,
03793,03793,,,
03794,03794,,,
03795,03795,,,
03796,03796,,,
03797,03797,,,
03798,03798,,,
03799,03799,,,
03800,03800,,,
03801,03801,,,
03802,03802,,,
03803,03803,,,
03804,03804,,,
03805,03805,,,
03806,03806,,,
03807,03807,,,
03808,03808,,,
03809,03809,,,
03810,03810,,,
03811,03811,,,
03812,03812,,,
03813,03813,,,
03814,03814,,,
03815,03815,,,
03816,03816,,,
03817,03817,,,
03818,03818,,,
03819,03819,,,
03820,03820,,,
03821,03821,,,
03822,03822,,,
03823,03823,,,
03824,03824,,,
03825,03825,,,
03826,03826,,,
03827,03827,,,
03828,03828,,,
03829,03829,,,
03830,03830,,,
03831,03831,,,
03832,03832,,,
03833,03833,,,
03834,03834,,,
03835,03835,,,
03836,03836,,,
03837,03837,,,
03838,03838,,,
03839,03839,,,
03840,03840,,,
03841,03841,,,
03842,03842,,,
03843,03843,,,
03844,03844,,,
03845,03845,,,
03846,03846,,,
03847,03847,,,
03848,03848,,,
03849,03849,,,
03850,03850,,,
03851,03851,,,
03852,03852,,,
03853,03853,,,
03854,03854,,,
03855,03855,,,
03856,03856,,,
03857,03857,,,
03858,03858,,,
03859,03859,,,
03860,03860,,,
03861,03861,,,
03862,03862,,,
03863,03863,,,
03864,03864,,,
03865,03865,,,
03866,03866,,,
03867,03867,,,
03868,03868,,,
03869,03869,,,
03870,03870,,,
03871,03871,,,
03872,03872,,,
03873,03873,,,
03874,03874,,,
03875,03875,,,
03876,03876,,,
03877,03877,,,
03878,03878,,,
03879,03879,,,
03880,03880,,,
03881,03881,,,
03882,03882,,,
03883,03883,,,
03884,03884,,,
03885,03885,,,
03886,03886,,,
03887,03887,,,
03888,03888,,,
03889,03889,,,
03890,03890,,,
03891,03891,,,
03892,03892,,,
03893,03893,,,
03894,03894,,,
03895,03895,,,
03896,03896,,,
03897,03897,,,
03898,03898,,,
03899,03899,,,
03900,03900,,,
03901,03901,,,
03902,03902,,,
03903,03903,,,
03904,03904,,,
03905,03905,,,
03906,03906,,,
03907,03907,,,
03908,03908,,,
03909,03909,,,
03910,03910,,,
03911,03911,,,
03912,03912,,,
03913,03913,,,
03914,03914,,,
03915,03915,,,
03916,03916,,,
03917,03917,,,
03918,03918,,,
03919,03919,,,
03920,03920,,,
03921,03921,,,
03922,03922,,,
03923,03923,,,
03924,03924,,,
03925,03925,,,
03926,03926,,,
03927,03927,,,
03928,03928,,,
03929,03929,,,
03930,03930,,,
03931,03931,,,
03932,03932,,,
03933,03933,,,
03934,03934,,,
03935,03935,,,
03936,03936,,,
03937,03937,,,
03938,03938,,,
03939,03939,,,
03940,03940,,,
03941,03941,,,
03942,03942,,,
03943,03943,,,
03944,03944,,,
03945,03945,,,
03946,03946,,,
03947,03947,,,
03948,03948,,,
03949,03949,,,
03950,03950,,,
03951,03951,,,
03952,03952,,,
03953,03953,,,
03954,03954,,,
03955,03955,,,
03956,03956,,,
03957,03957,,,
03958,03958,,,
03959,03959,,,
03960,03960,,,
03961,03961,,,
03962,03962,,,
03963,03963,,,
03964,03964,,,
03965,03965,,,
03966,03966,,,
03967,03967,,,
03968,03968,,,
03969,03969,,,
03970,03970,,,
03971,03971,,,
03972,03972,,,
03973,03973,,,
03974,03974,,,
03975,03975,,,
03976,03976,,,
03977,03977,,,
03978,03978,,,
03979,03979,,,
03980,03980,,,
03981,03981,,,
03982,03982,,,
03983,03983,,,
03984,03984,,,
03985,03985,,,
03986,03986,,,
03987,03987,,,
03988,03988,,,
03989,03989,,,
03990,03990,,,
03991,03991,,,
03992,03992,,,
03993,03993,,,
03994,03994,,,
03995,03995,,,
03996,03996,,,
03997,03997,,,
03998,03998,,,
03999,03999,,,
04000,04000,,,
04000,,,,
